{"Aidan Gillen": {"array": ["Game of Thron\"es","The Wire"],"string": "some string","int": 2,"aboolean": true, "boolean": true,"object": {"foo": "bar","object1": {"new prop1": "new prop value"},"object2": {"new prop1": "new prop value"},"object3": {"new prop1": "new prop value"},"object4": {"new prop1": "new prop value"}}},"Amy Ryan": {"one": "In Treatment","two": "The Wire"},"Annie Fitzgerald": ["Big Love","True Blood"],"Anwan Glover": ["Treme","The Wire"],"Alexander Skarsgard": ["Generation Kill","True Blood"]}